{
    "root_group": {
        "path": "",
        "id": "d41d8cd98f00b204e9800998ecf8427e",
        "groups": {},
        "checks": {
                "profile 200": {
                    "fails": 0,
                    "name": "profile 200",
                    "path": "::profile 200",
                    "id": "9f52ef4cafa7519a2e7f5081fdd8d670",
                    "passes": 2157979
                }
            },
        "name": ""
    },
    "metrics": {
        "http_req_duration{scenario:mixed}": {
            "avg": 229.56779823883872,
            "min": 1.861807,
            "med": 197.252885,
            "max": 5675.223943,
            "p(90)": 488.03839459999995,
            "p(95)": 573.4986408999997,
            "thresholds": {
                "p(90)<200": true,
                "p(95)<400": true
            }
        },
        "http_req_duration{expected_response:true}": {
            "avg": 229.56779823883872,
            "min": 1.861807,
            "med": 197.252885,
            "max": 5675.223943,
            "p(90)": 488.03839459999995,
            "p(95)": 573.4986408999997
        },
        "iteration_duration": {
            "avg": 434.19041902016914,
            "min": 102.263393,
            "med": 405.011826,
            "max": 5976.654132,
            "p(90)": 712.9663048,
            "p(95)": 803.0242367
        },
        "checks{endpoint:profile}": {
            "passes": 2157979,
            "fails": 0,
            "thresholds": {
                "rate>0.99": false
            },
            "value": 1
        },
        "http_reqs": {
            "count": 2157979,
            "rate": 1498.5294261858983
        },
        "http_req_waiting": {
            "avg": 227.34700438438156,
            "min": 0,
            "med": 194.572342,
            "max": 5674.905093,
            "p(90)": 484.944055,
            "p(95)": 570.1201241999997
        },
        "http_req_tls_handshaking": {
            "min": 0,
            "med": 0,
            "max": 232.241385,
            "p(90)": 0,
            "p(95)": 0,
            "avg": 0.00454971970765239
        },
        "vus": {
            "value": 3,
            "min": 1,
            "max": 1000
        },
        "iterations": {
            "count": 2157979,
            "rate": 1498.5294261858983
        },
        "vus_max": {
            "value": 1000,
            "min": 1000,
            "max": 1000
        },
        "http_req_failed": {
            "passes": 0,
            "fails": 2157979,
            "value": 0
        },
        "http_req_connecting": {
            "avg": 0.0015762925153581194,
            "min": 0,
            "med": 0,
            "max": 125.932665,
            "p(90)": 0,
            "p(95)": 0
        },
        "data_sent": {
            "count": 660889665,
            "rate": 458930.60612018954
        },
        "checks": {
            "passes": 2157979,
            "fails": 0,
            "value": 1
        },
        "http_req_duration": {
            "med": 197.252885,
            "max": 5675.223943,
            "p(90)": 488.03839459999995,
            "p(95)": 573.4986408999997,
            "avg": 229.56779823883872,
            "min": 1.861807
        },
        "http_req_failed{scenario:mixed}": {
            "passes": 0,
            "fails": 2157979,
            "thresholds": {
                "rate==0": false
            },
            "value": 0
        },
        "http_req_sending": {
            "p(90)": 1.4840931999999991,
            "p(95)": 3.2514860999999957,
            "avg": 0.855391241561686,
            "min": 0.024486,
            "med": 0.09302,
            "max": 342.448355
        },
        "data_received": {
            "count": 1280893164,
            "rate": 889469.312747881
        },
        "http_req_receiving": {
            "med": 0.085508,
            "max": 353.273383,
            "p(90)": 2.3336735999999982,
            "p(95)": 7.6476929999999905,
            "avg": 1.3654026129142296,
            "min": 0.009544
        },
        "http_req_blocked": {
            "p(90)": 0.00051,
            "p(95)": 0.000562,
            "avg": 0.007323107602977989,
            "min": 0.000089,
            "med": 0.00027,
            "max": 249.253725
        }
    }
}